,dat_dir,save_dir,taskType,high_res,im_volseg,Note
0,/nrs/ahrens/jing/statemod/statedep/elavl3-GC/LGGU_vs_NGGU/20191130/fish00/6dpf_HuC-GC7FF_GU-fwd_fish00_exp02_20191130_151303/,/nrs/ahrens/Ziqiang/Jing_Glia_project/Processed_data/20191130/fish00/6dpf_HuC-GC7FF_GU-fwd_fish00_exp02_20191130_151303/,LGGU_vs_NGGU,/nrs/ahrens/jing/statemod/suppl/20191130/fish00/6dpf_HuC-GC7FF_ref-stack_fish00_exp06_20191201_combined/,None,
1,/nrs/ahrens/jing/statemod/statedep/elavl3-GC/LG_vs_NGGU/20191130/fish00/6dpf_HuC-GC7FF_GU-fwd_fish00_exp05_20191130_194544/,/nrs/ahrens/Ziqiang/Jing_Glia_project/Processed_data/20191130/fish00/6dpf_HuC-GC7FF_GU-fwd_fish00_exp05_20191130_194544/,LG_vs_NGGU,/nrs/ahrens/jing/statemod/suppl/20191130/fish00/6dpf_HuC-GC7FF_ref-stack_fish00_exp06_20191201_combined/,None,
2,/nrs/ahrens/jing/statemod/statedep/elavl3-GC/LG_vs_NGGU/20191201/fish00/7dpf_HuC-GC7FF_LG_NGGU_fish00_exp03_20191201_172627/,/nrs/ahrens/Ziqiang/Jing_Glia_project/Processed_data/20191201/fish00/7dpf_HuC-GC7FF_LG_NGGU_fish00_exp03_20191201_172627/,LG_vs_NGGU,/nrs/ahrens/jing/statemod/suppl/20191201/fish00/7dpf_HuC-GC7FF_ref-stack_fish00_exp08_combined/,None,
3,/nrs/ahrens/jing/statemod/statedep/elavl3-GC/LGGU_vs_NGGU/20191205/fish01/6dpf_HuC-GC7FF_LG_NGGU_fish01_exp02_20191205_200345/,/nrs/ahrens/Ziqiang/Jing_Glia_project/Processed_data/20191205/fish01/6dpf_HuC-GC7FF_LG_NGGU_fish01_exp02_20191205_200345/,LG_vs_NGGU,/nrs/ahrens/jing/statemod/suppl/20191205/fish01/6dpf_HuC-GC7FF_ref-stack_fish01_exp04_20191206_001850,None,
4,/nrs/ahrens/jing/statemod/statedep/elavl3-GC/LG_vs_NGGU/20200105/fish01/6dpf_HuC-GC7FF_LGNGGU_fish01_exp02_20200105_164709/im/,/nrs/ahrens/Ziqiang/Jing_Glia_project/Processed_data/20200105/fish01/6dpf_HuC-GC7FF_LGNGGU_fish01_exp02_20200105_164709/,LG_vs_NGGU,/nrs/ahrens/jing/statemod/suppl/20200105/fish01/6dpf_HuC-GC7FF_ref-stack_fish01_exp06_20200105_214700/,None,
5,/nrs/ahrens/jing/statemod/statedep/elavl3-GC/LG_vs_NGGU/20200107/fish03/6dpf_HuC-GC7FF_LGNGGU_fish03_exp02_20200107_201417/im/,/nrs/ahrens/Ziqiang/Jing_Glia_project/Processed_data/20200107/fish03/6dpf_HuC-GC7FF_LGNGGU_fish03_exp02_20200107_201417/,LG_vs_NGGU,/nrs/ahrens/jing/statemod/suppl/20200107/fish03/6dpf_HuC-GC7FF_ref-stack_fish03_exp04_20200108_025040/im_CM0/,None,
6,/nrs/ahrens/jing/statemod/statedep/elavl3-GC_gfap-jRG/LG_vs_NGGU_multivel/20200107/fish03/6dpf_HuC-GC7FF_LGNGGU-multivel_fish03_exp03_20200108_001848/,/nrs/ahrens/Ziqiang/Jing_Glia_project/Processed_data/20200107/fish03/6dpf_HuC-GC7FF_LGNGGU-multivel_fish03_exp03_20200108_001848/,LG_vs_NGGU,/nrs/ahrens/jing/statemod/suppl/20200107/fish03/6dpf_HuC-GC7FF_ref-stack_fish03_exp04_20200108_025040/im_CM0/,None,
7,/nrs/ahrens/jing/statemod/statedep/elavl3-GC/LG_vs_NG/20200211/fish00/7dpf_HuC-Gc7FF_LG-NGnoGU_fish00_exp01_20200211_173248/,/nrs/ahrens/Ziqiang/Jing_Glia_project/Processed_data/20200211/fish00/7dpf_HuC-Gc7FF_LG-NGnoGU_fish00_exp01_20200211_173248/,LG_vs_NG,/nrs/ahrens/jing/statemod/suppl/20200211/fish00/7dpf_HuC-Gc7FF_ref-stack_fish00_exp04_20200211_204942/,None,
8,/nrs/ahrens/jing/statemod/statedep/elavl3-GC/LG_vs_NG/20200711/fish00/7dpf_HuC-GC7FF-GFAP-RGECO_NGnoGU_fish00_exp02_20200711_184710/,/nrs/ahrens/Ziqiang/Jing_Glia_project/Processed_data/20200711/fish00/7dpf_HuC-GC7FF-GFAP-RGECO_NGnoGU_fish00_exp02_20200711_184710/im_CM0_dff/,LG_vs_NG_fmg,/nrs/ahrens/jing/statemod/statedep/elavl3-GC/LG_vs_NG/20200711/fish00/7dpf_HuC-GC7FF-GFAP-RGECO_ref-stack_fish00_exp03_20200711_211640/processed/im_CM0_fixed_reference_sliced.h5,None,
9,/nrs/ahrens/jing/statemod/statedep/elavl3-GC/LG_vs_NGGU/20200914/fish01/6dpf_elavl3-Gal4UAS-GCaMP7FFF_LGvsNGGU_fish01_exp04_20200914_202938/,/nrs/ahrens/Ziqiang/Jing_Glia_project/Processed_data/20200914/fish01/6dpf_elavl3-Gal4UAS-GCaMP7FFF_LGvsNGGU_fish01_exp04_20200914_202938/im_CM0_dff/,LG_vs_NGGU_fmg,/nrs/ahrens/jing/statemod/statedep/elavl3-GC/LG_vs_NGGU/20200914/fish01/6dpf_elavl3-Gal4UAS-GCaMP7FFF_ref-stack_fish01_exp06_20200915_001433/processed/im_CM0_fixed_reference_sliced.h5,None,
10,/nrs/ahrens/jing/statemod/statedep/elavl3-GC/LG_vs_NG/20200711/fish00/7dpf_HuC-GC7FF-GFAP-RGECO_NGnoGU_fish00_exp02_20200711_184710/,/nrs/ahrens/Ziqiang/Jing_Glia_project/Processed_data/20200711/fish00/7dpf_HuC-GC7FF-GFAP-RGECO_NGnoGU_fish00_exp02_20200711_184710/im_CM0_dff/,LG_vs_NG_fmg,/nrs/ahrens/jing/statemod/statedep/elavl3-GC/LG_vs_NG/20200711/fish00/7dpf_HuC-GC7FF-GFAP-RGECO_ref-stack_fish00_exp03_20200711_211640/processed/im_CM0_fixed_reference_sliced.h5,None,
11,/nrs/ahrens/jing/statemod/statedep/elavl3-GC/LG_vs_NGGU/20200914/fish01/6dpf_elavl3-Gal4UAS-GCaMP7FFF_LGvsNGGU_fish01_exp04_20200914_202938/,/nrs/ahrens/Ziqiang/Jing_Glia_project/Processed_data/20200914/fish01/6dpf_elavl3-Gal4UAS-GCaMP7FFF_LGvsNGGU_fish01_exp04_20200914_202938/im_CM0_dff/,LG_vs_NGGU_fmg,/nrs/ahrens/jing/statemod/statedep/elavl3-GC/LG_vs_NGGU/20200914/fish01/6dpf_elavl3-Gal4UAS-GCaMP7FFF_ref-stack_fish01_exp06_20200915_001433/processed/im_CM0_fixed_reference_sliced.h5,None,
12,/nrs/ahrens/jing/statemod/statedep/elavl3-GC_gfap-jRG/LG_vs_replayGU/20200817/fish01/5dpf_HuC-GCaMP7FF-GFAP-RGECO_LG-replayGU_fish01_exp04_20200817_184730/im/,/nrs/ahrens/Ziqiang/Jing_Glia_project/Processed_data/20200817/fish01/5dpf_HuC-GCaMP7FF-GFAP-RGECO_LG-replayGU_fish01_exp04_20200817_184730/im_removal_osc/,LG_vs_replayGU,/nrs/ahrens/jing/statemod/suppl/20200817/fish01/5dpf_HuC-GCaMP7FF-GFAP-RGECO_ref-stack_fish01_exp09_20200818_102740/,None,
13,/nrs/ahrens/jing/statemod/statedep/elavl3-GC_gfap-jRG/LG_vs_replayGU/20200823/fish01/5dpf_HuC-GCaMP7FF-GFAP-RGECO_LG-vs-replayGU_fish01_exp07_20200823_191353/im_CM0/,/nrs/ahrens/Ziqiang/Jing_Glia_project/Processed_data/20200823/5dpf_HuC-GCaMP7FF-GFAP-RGECO_LG-vs-replayGU_fish01_exp07_20200823_191353/im_CM0_removal_osc/,LG_vs_replayGU,/nrs/ahrens/jing/statemod/suppl/20200823/fish01/5dpf_HuC-GCaMP7FF-GFAP-RGECO_ref-stack_fish01_exp15_20200824_002157/im_CM0/,None,
14,/nrs/ahrens/jing/statemod/statedep/elavl3-GC_gfap-jRG/LG_vs_replayGU/20200823/fish01/5dpf_HuC-GCaMP7FF-GFAP-RGECO_LG-vs-replayGU_fish01_exp07_20200823_191353/im_CM1/,/nrs/ahrens/Ziqiang/Jing_Glia_project/Processed_data/20200823/5dpf_HuC-GCaMP7FF-GFAP-RGECO_LG-vs-replayGU_fish01_exp07_20200823_191353/im_CM1_removal_osc/,LG_vs_replayGU,/nrs/ahrens/jing/statemod/suppl/20200823/fish01/5dpf_HuC-GCaMP7FF-GFAP-RGECO_ref-stack_fish01_exp15_20200824_002157/im_CM1/,None,
15,/nrs/ahrens/jing/statemod/statedep/elavl3-GC_gfap-jRG/MG_vs_replayGU/20200907/fish02/8dpf_HuC-GCaMP7FF-GFAP-RGECO_MGvsReplayGU_fish02_exp02_20200907_224819/im_CM0/,/nrs/ahrens/Ziqiang/Jing_Glia_project/Processed_data/20200907/8dpf_HuC-GCaMP7FF-GFAP-RGECO_MGvsReplayGU_fish02_exp02_20200907_224819/im_CM0_removal_osc/,MG_vs_replayGU,/nrs/ahrens/jing/statemod/suppl/20200907/8dpf_HuC-GCaMP7FF-GFAP-RGECO_ref-stack_fish02_exp06_20200908_021756/im_CM0/,None,
16,/nrs/ahrens/jing/statemod/statedep/elavl3-GC_gfap-jRG/MG_vs_replayGU/20200907/fish02/8dpf_HuC-GCaMP7FF-GFAP-RGECO_MGvsReplayGU_fish02_exp02_20200907_224819/im_CM1/,/nrs/ahrens/Ziqiang/Jing_Glia_project/Processed_data/20200907/8dpf_HuC-GCaMP7FF-GFAP-RGECO_MGvsReplayGU_fish02_exp02_20200907_224819/im_CM1_removal_osc/,MG_vs_replayGU,/nrs/ahrens/jing/statemod/suppl/20200907/8dpf_HuC-GCaMP7FF-GFAP-RGECO_ref-stack_fish02_exp06_20200908_021756/im_CM1/,None,
17,/nrs/ahrens/jing/statemod/statedep/elavl3-GC/MG_vs_ReplayGU/20201225/fish01/7dpf_HuC-GC7FF_MG-vs-ReplayGU_fish01_exp02_20201225_210323/,/nrs/ahrens/Ziqiang/Jing_Glia_project/Processed_data/20201225/fish01/7dpf_HuC-GC7FF_MG-vs-ReplayGU_fish01_exp02_20201225_210323/im_CM0/,MG_vs_replayGU,/nrs/ahrens/jing/statemod/suppl/20201225/fish01/7dpf_HuC-GC7FF_ref-stack_fish01_exp06_20201226_015412/im_CM0/,None,
18,/nrs/ahrens/jing/statemod/statedep/elavl3-GC/MG_vs_ReplayGU/20201231/fish00/5dpf_HuC-GC7FF_MG-vs-ReplayGU_fish00_exp02_20201231_180923/,/nrs/ahrens/Ziqiang/Jing_Glia_project/Processed_data/20201231/fish00/5dpf_HuC-GC7FF_MG-vs-ReplayGU_fish00_exp02_20201231_180923/im_CM0/,MG_vs_replayGU,/nrs/ahrens/jing/statemod/suppl/20201231/fish00/5dpf_HuC-GC7FF_ref-stack_fish00_exp05_20210101_011320/im_CM0/,None,
19,/nrs/ahrens/jing/statemod/statedep/elavl3-GC/MG_vs_ReplayGU/20210101/fish01/6dpf_HuC-GC7FF_MG-vs-ReplayGU_fish01_exp02_20210101_200615/,/nrs/ahrens/Ziqiang/Jing_Glia_project/Processed_data/20210101/fish01/6dpf_HuC-GC7FF_MG-vs-ReplayGU_fish01_exp02_20210101_200615/im_CM0/,MG_vs_replayGU,/nrs/ahrens/jing/statemod/suppl/20210101/fish01/6dpf_HuC-GC7FF_ref-stack_fish01_exp08_20210102_052728/,None,
20,/nrs/ahrens/jing/statemod/statedep/elavl3-GC/MG_vs_ReplayGU/20201101/fish02/9dpf_HuC-GC6F_MG-vs-ReplayGU_fish02_exp02_20201101_214112/,/nrs/ahrens/Ziqiang/Jing_Glia_project/Processed_data/20201101/fish02/9dpf_HuC-GC6F_MG-vs-ReplayGU_fish02_exp02_20201101_214112/im_CM0-voluseg/,MG_vs_replayGU,/nrs/ahrens/jing/statemod/suppl/20201101/fish02/9dpf_HuC-GC6F_ref-stack_fish02_exp04_20201102_012403/im_CM0/,None,
21,/nrs/ahrens/jing/statemod/statedep/elavl3-GC/MG_vs_ReplayGU/20210101/fish01/6dpf_HuC-GC7FF_MG-vs-ReplayGU_fish01_exp03_20210101_232043/,/nrs/ahrens/Ziqiang/Jing_Glia_project/Processed_data/20210101/fish01/6dpf_HuC-GC7FF_MG-vs-ReplayGU_fish01_exp03_20210101_232043/im_CM0/,MG_vs_replayGU,/nrs/ahrens/jing/statemod/suppl/20210101/fish01/6dpf_HuC-GC7FF_ref-stack_fish01_exp08_20210102_052728/,None,
22,/nrs/ahrens/jing/statemod/statedep/elavl3-GC/MG_vs_ReplayGU/20201027/fish01/7dpf_HuC-GCaMP7FF-gfap-rgeco_MGvsReplayGU_fish01_exp05_20201028_002419/,/nrs/ahrens/Ziqiang/Jing_Glia_project/Processed_data/20201027/fish01/7dpf_HuC-GCaMP7FF-gfap-rgeco_MGvsReplayGU_fish01_exp05_20201028_002419/im_CM0_dff/,MG_vs_replayGU_fmg,/nrs/ahrens/jing/statemod/statedep/elavl3-GC/MG_vs_ReplayGU/20201027/fish01/7dpf_HuC-GCaMP7FF-gfap-rgeco_ref-stack_fish01_exp08_20201028_045004/processed/fixed_reference.h5,None,
23,/nrs/ahrens/jing/statemod/statedep/elavl3-GC_gfap-jRG/MG_vs_replayGU/20201103/fish01/5dpf_HuC-GC7FF-GFAP-RGECO_MGvsRepalyGU_fish01_exp04_20201103_223012/,/nrs/ahrens/Ziqiang/Jing_Glia_project/Processed_data/20201103/fish01/5dpf_HuC-GC7FF-GFAP-RGECO_MGvsRepalyGU_fish01_exp04_20201103_223012/im_CM0_dff/,MG_vs_replayGU_fmg,/nrs/ahrens/jing/statemod/statedep/elavl3-GC_gfap-jRG/MG_vs_replayGU/20201103/fish01/5dpf_HuC-GC7FF-GFAP-RGECO_ref-stack_fish01_exp06_20201104_001115/processed/im_CM0_fixed_reference_sliced.h5,None,
24,/nrs/ahrens/jing/statemod/statedep/elavl3-GC_gfap-jRG/MG_vs_NGGU_multivel/20201026/fish01/6dpf_HuC-GCaMP7FF-gfap-rgeco_fish01_MGvsNGGU-multivel_exp05_20201026_195347/,/nrs/ahrens/Ziqiang/Jing_Glia_project/Processed_data/20201026/fish01/6dpf_HuC-GCaMP7FF-gfap-rgeco_fish01_MGvsNGGU-multivel_exp05_20201026_195347/im_CM0_dff/,MG_vs_NGGU_fmg_multivel,/nrs/ahrens/jing/statemod/suppl/20201026/fish01/6dpf_HuC-GCaMP7FF-gfap-rgeco_fish01_ref-stack_exp10_20201027_020126/processed/im_CM0_fixed_reference_sliced.h5,None,
25,/nrs/ahrens/jing/statemod/statedep/elavl3-GC_gfap-jRG/MG_vs_NGGU_multivel/20201026/fish01/6dpf_HuC-GCaMP7FF-gfap-rgeco_fish01_MGvsNGGU-multivel_exp06_20201026_223509/,/nrs/ahrens/Ziqiang/Jing_Glia_project/Processed_data/20201026/fish01/6dpf_HuC-GCaMP7FF-gfap-rgeco_fish01_MGvsNGGU-multivel_exp06_20201026_223509/im_CM0_dff/,MG_vs_NGGU_fmg_multivel,/nrs/ahrens/jing/statemod/suppl/20201026/fish01/6dpf_HuC-GCaMP7FF-gfap-rgeco_fish01_ref-stack_exp10_20201027_020126/processed/im_CM0_fixed_reference_sliced.h5,None,
26,/nrs/ahrens/jing/statemod/statedep/elavl3-GC_gfap-jRG/MG_vs_NGGU_multivel/20201026/fish01/6dpf_HuC-GCaMP7FF-gfap-rgeco_fish01_MGvsNGGU-multivel_exp05_20201026_195347/,/nrs/ahrens/Ziqiang/Jing_Glia_project/Processed_data/20201026/fish01/6dpf_HuC-GCaMP7FF-gfap-rgeco_fish01_MGvsNGGU-multivel_exp05_20201026_195347/im_CM0_dff/,MG_vs_NGGU_fmg_multivel,/nrs/ahrens/jing/statemod/suppl/20201026/fish01/6dpf_HuC-GCaMP7FF-gfap-rgeco_fish01_ref-stack_exp10_20201027_020126/processed/im_CM0_fixed_reference_sliced.h5,None,
27,/nrs/ahrens/jing/statemod/statedep/elavl3-GC_gfap-jRG/MG_vs_NGGU_multivel/20201026/fish01/6dpf_HuC-GCaMP7FF-gfap-rgeco_fish01_MGvsNGGU-multivel_exp06_20201026_223509/,/nrs/ahrens/Ziqiang/Jing_Glia_project/Processed_data/20201026/fish01/6dpf_HuC-GCaMP7FF-gfap-rgeco_fish01_MGvsNGGU-multivel_exp06_20201026_223509/im_CM0_dff/,MG_vs_NGGU_fmg_multivel,/nrs/ahrens/jing/statemod/suppl/20201026/fish01/6dpf_HuC-GCaMP7FF-gfap-rgeco_fish01_ref-stack_exp10_20201027_020126/processed/im_CM0_fixed_reference_sliced.h5,None,
28,/nrs/ahrens/jing/statemod/statedep/elavl3-GC_gfap-jRG/LG_vs_NGGU_multivel/20191201/fish00/7dpf_HuC-GC7FF_LG_NGGU_multgain_fish00_exp05_20191201_233346/,/nrs/ahrens/Ziqiang/Jing_Glia_project/Processed_data/20191201/fish00/7dpf_HuC-GC7FF_LG_NGGU_multgain_fish00_exp05_20191201_233346/,LG_vs_NGGUmultivel,/nrs/ahrens/jing/statemod/suppl/20191201/fish00/7dpf_HuC-GC7FF_ref-stack_fish00_exp08_combined/,None,
29,/nrs/ahrens/jing/statemod/statedep/elavl3-GC/MG_vs_NG/20210522/fish02/6dpf_HuC-GC7FF_MG-vs-NG-fmg_fish02_exp04_20210521_194817/ephys,/nrs/ahrens/Ziqiang/Jing_Glia_project/Processed_data/20210522/fish02/6dpf_HuC-GC7FF_MG-vs-NG-fmg_fish02_exp04_20210521_194817/im_CM0_voluseg/,MG_vs_NGGU_fmg,None,/nrs/ahrens/jing/statemod/statedep/elavl3-GC/MG_vs_NG/20210522/fish02/6dpf_HuC-GC7FF_MG-vs-NG-fmg_fish02_exp04_20210521_194817/im_CM0_voluseg,
30,/nrs/ahrens/jing/statemod/statedep/elavl3-H2b-GC/20210701/fish00/6dpf_HuC-H2B-GC7F-gfap-jRGECO1a_MG-vs-NGGU_omr_fish00_exp03_20210701_204135/ephys,/nrs/ahrens/Ziqiang/Jing_Glia_project/Processed_data/20210701/fish00/6dpf_HuC-H2B-GC7F-gfap-jRGECO1a_MG-vs-NGGU_omr_fish00_exp03_20210701_204135/im_CM0_voluseg/,MG_vs_NGGU_fmg,None,/nrs/ahrens/jing/statemod/statedep/elavl3-H2b-GC/20210701/fish00/6dpf_HuC-H2B-GC7F-gfap-jRGECO1a_MG-vs-NGGU_omr_fish00_exp03_20210701_204135/im_CM0_voluseg,
31,/nrs/ahrens/jing/statemod/statedep/elavl3-H2b-GC/20210618/fish00/7dpf_HuC-h2b-GC7F_MG-vs-NGGU-omr_fish00_exp02_20210618_161527/ephys,/nrs/ahrens/Ziqiang/Jing_Glia_project/Processed_data/20210618/fish00/7dpf_HuC-h2b-GC7F_MG-vs-NGGU-omr_fish00_exp02_20210618_161527/im_CM0_voluseg/,MG_vs_NGGU_fmg,None,/nrs/ahrens/jing/statemod/statedep/elavl3-H2b-GC/20210618/fish00/7dpf_HuC-h2b-GC7F_MG-vs-NGGU-omr_fish00_exp02_20210618_161527/im_CM0_voluseg,
32,/nrs/ahrens/jing/statemod/statedep/elavl3-GC_gfap-jRG/NG_vs_NGGU/20220225/fish01/6dpf_elavl3-gcamp8f-gfap-jrgeco_NGtrunc-vs-NGGU-fmg_fish01_exp03_20220225_204416/ephys,/nrs/ahrens/Ziqiang/Jing_Glia_project/Processed_data/20220225/fish01/6dpf_elavl3-gcamp8f-gfap-jrgeco_NGtrunc-vs-NGGU-fmg_fish01_exp03_20220225_204416/im_CM0_voluseg/,NG_vs_NGGU_fmg,None,/nrs/ahrens/jing/statemod/statedep/elavl3-GC_gfap-jRG/NG_vs_NGGU/20220225/fish01/6dpf_elavl3-gcamp8f-gfap-jrgeco_NGtrunc-vs-NGGU-fmg_fish01_exp03_20220225_204416/im_CM0_voluseg,
33,/nrs/ahrens/jing/statemod/statedep/elavl3-GC_gfap-jRG/LG_vs_NGGU/20200930/fish00/5dpf_HuC-GCaMP7FF-GFAP-RGECO_LGvsNGGU_multivel_fish00_exp04_20200930_190442/ephys,/nrs/ahrens/Ziqiang/Jing_Glia_project/Processed_data/20200930/fish00/5dpf_HuC-GCaMP7FF-GFAP-RGECO_LGvsNGGU_multivel_fish00_exp04_20200930_190442/im_CM0_voluseg/,LG_vs_NGGU_fmg,None,/nrs/ahrens/jing/statemod/statedep/elavl3-GC_gfap-jRG/LG_vs_NGGU/20200930/fish00/5dpf_HuC-GCaMP7FF-GFAP-RGECO_LGvsNGGU_multivel_fish00_exp04_20200930_190442/im_CM0_voluseg,
34,/nrs/ahrens/jing/statemod/statedep/elavl3-GC_gfap-jRG/NG_vs_NGGU/20211216/fish02/6dpf_elavl3-GC8F-gfap-jrgeco_NGtrunc12-vs-NGGU_fish02_exp03_20211216_224637/ephys,/nrs/ahrens/Ziqiang/Jing_Glia_project/Processed_data/20211216/fish02/6dpf_elavl3-GC8F-gfap-jrgeco_NGtrunc12-vs-NGGU_fish02_exp03_20211216_224637/im_CM0_voluseg/,NG_vs_NGGU_fmg,None,/nrs/ahrens/jing/statemod/statedep/elavl3-GC_gfap-jRG/NG_vs_NGGU/20211216/fish02/6dpf_elavl3-GC8F-gfap-jrgeco_NGtrunc12-vs-NGGU_fish02_exp03_20211216_224637/im_CM0_voluseg,
35,/nrs/ahrens/jing/statemod/statedep/elavl3-H2b-GC/20210701/fish00/6dpf_HuC-H2B-GC7F-gfap-jRGECO1a_MG-vs-NGGU_omr_fish00_exp03_20210701_204135/ephys,/nrs/ahrens/Ziqiang/Jing_Glia_project/Processed_data/20210701/fish00/6dpf_HuC-H2B-GC7F-gfap-jRGECO1a_MG-vs-NGGU_omr_fish00_exp03_20210701_204135/im_CM1_voluseg/,MG_vs_NGGU_fmg,None,/nrs/ahrens/jing/statemod/statedep/elavl3-H2b-GC/20210701/fish00/6dpf_HuC-H2B-GC7F-gfap-jRGECO1a_MG-vs-NGGU_omr_fish00_exp03_20210701_204135/im_CM1_voluseg,
36,/nrs/ahrens/jing/statemod/statedep/elavl3-H2b-GC/20210618/fish00/7dpf_HuC-h2b-GC7F_MG-vs-NGGU-omr_fish00_exp02_20210618_161527/ephys,/nrs/ahrens/Ziqiang/Jing_Glia_project/Processed_data/20210618/fish00/7dpf_HuC-h2b-GC7F_MG-vs-NGGU-omr_fish00_exp02_20210618_161527/im_CM1_voluseg/,MG_vs_NGGU_fmg,None,/nrs/ahrens/jing/statemod/statedep/elavl3-H2b-GC/20210618/fish00/7dpf_HuC-h2b-GC7F_MG-vs-NGGU-omr_fish00_exp02_20210618_161527/im_CM1_voluseg,
37,/nrs/ahrens/jing/statemod/statedep/elavl3-GC_gfap-jRG/NG_vs_NGGU/20220225/fish01/6dpf_elavl3-gcamp8f-gfap-jrgeco_NGtrunc-vs-NGGU-fmg_fish01_exp03_20220225_204416/ephys,/nrs/ahrens/Ziqiang/Jing_Glia_project/Processed_data/20220225/fish01/6dpf_elavl3-gcamp8f-gfap-jrgeco_NGtrunc-vs-NGGU-fmg_fish01_exp03_20220225_204416/im_CM1_voluseg/,NG_vs_NGGU_fmg,None,/nrs/ahrens/jing/statemod/statedep/elavl3-GC_gfap-jRG/NG_vs_NGGU/20220225/fish01/6dpf_elavl3-gcamp8f-gfap-jrgeco_NGtrunc-vs-NGGU-fmg_fish01_exp03_20220225_204416/im_CM1_voluseg,
38,/nrs/ahrens/jing/statemod/statedep/elavl3-GC_gfap-jRG/LG_vs_NGGU/20200930/fish00/5dpf_HuC-GCaMP7FF-GFAP-RGECO_LGvsNGGU_multivel_fish00_exp04_20200930_190442/ephys,/nrs/ahrens/Ziqiang/Jing_Glia_project/Processed_data/20200930/fish00/5dpf_HuC-GCaMP7FF-GFAP-RGECO_LGvsNGGU_multivel_fish00_exp04_20200930_190442/im_CM1_voluseg/,LG_vs_NGGU_fmg,None,/nrs/ahrens/jing/statemod/statedep/elavl3-GC_gfap-jRG/LG_vs_NGGU/20200930/fish00/5dpf_HuC-GCaMP7FF-GFAP-RGECO_LGvsNGGU_multivel_fish00_exp04_20200930_190442/im_CM1_voluseg,
39,/nrs/ahrens/jing/statemod/statedep/elavl3-GC_gfap-jRG/NG_vs_NGGU/20211216/fish02/6dpf_elavl3-GC8F-gfap-jrgeco_NGtrunc12-vs-NGGU_fish02_exp03_20211216_224637/ephys,/nrs/ahrens/Ziqiang/Jing_Glia_project/Processed_data/20211216/fish02/6dpf_elavl3-GC8F-gfap-jrgeco_NGtrunc12-vs-NGGU_fish02_exp03_20211216_224637/im_CM1_voluseg/,NG_vs_NGGU_fmg,None,/nrs/ahrens/jing/statemod/statedep/elavl3-GC_gfap-jRG/NG_vs_NGGU/20211216/fish02/6dpf_elavl3-GC8F-gfap-jrgeco_NGtrunc12-vs-NGGU_fish02_exp03_20211216_224637/im_CM1_voluseg,
40,/nrs/ahrens/jing/statemod/statedep/elavl3-GC/MG_vs_NG/20211007/fish00/5dpf_elavl3-gc8f-gfap-jregeco_MG-vs_NGGU-trunc65_fish00_exp07_20211007_215308/ephys,/nrs/ahrens/Ziqiang/Jing_Glia_project/Processed_data/20211007/fish00/5dpf_elavl3-gc8f-gfap-jregeco_MG-vs_NGGU-trunc65_fish00_exp07_20211007_215308/im_CM0_voluseg/,MG_vs_NGGU-trunc_fmg,None,/nrs/ahrens/jing/statemod/statedep/elavl3-GC/MG_vs_NG/20211007/fish00/5dpf_elavl3-gc8f-gfap-jregeco_MG-vs_NGGU-trunc65_fish00_exp07_20211007_215308/im_CM0_voluseg,
41,/nrs/ahrens/jing/statemod/statedep/elavl3-GC/NG_vs_NGGU/20211210/fish00/7dpf_elavl3-GC8F-gfap-jrgeco_NGGU-vs-NGtrunc6_fish00_exp06_20211210_190857,/nrs/ahrens/Ziqiang/Jing_Glia_project/Processed_data/20211210/fish00/7dpf_elavl3-GC8F-gfap-jrgeco_NGGU-vs-NGtrunc6_fish00_exp06_20211210_190857/,NG_vs_NGGU,None,/nrs/ahrens/jing/statemod/statedep/elavl3-GC/NG_vs_NGGU/20211210/fish00/7dpf_elavl3-GC8F-gfap-jrgeco_NGGU-vs-NGtrunc6_fish00_exp06_20211210_190857/im_CM0_voluseg,
42,/nearline/ahrens/limj2/nrs_store/state_modulation/neuromod/elavl3-GRABDA/NG_vs_NGGU/20220403/fish02/7dpf_elavl3-GRABDA_NG-trunc119-fmg_fish02_exp03_20220403_191229/ephys,/nrs/ahrens/Ziqiang/Jing_Glia_project/Processed_data/20220403/fish02/7dpf_elavl3-GRABDA_NG-trunc119-fmg_fish02_exp03_20220403_191229/,NG_vs_NGGU_fmg,None,/nearline/ahrens/limj2/nrs_store/state_modulation/neuromod/elavl3-GRABDA/NG_vs_NGGU/20220403/fish02/7dpf_elavl3-GRABDA_NG-trunc119-fmg_fish02_exp03_20220403_191229/im_CM0_voluseg,
43,/nearline/ahrens/limj2/nrs_store/state_modulation/neuromod/elavl3-GRABNE_elavl3-jrgeco/MG_vs_NGGU/20220213/fish03/6dpf_elavl3-GRABNE-elavl3-jrgeco1b_MG-vs-NGGU_fish03_exp04_20220213_233109/ephys,/nrs/ahrens/Ziqiang/Jing_Glia_project/Processed_data/20220213/fish03/6dpf_elavl3-GRABNE-elavl3-jrgeco1b_MG-vs-NGGU_fish03_exp04_20220213_233109/,MG_vs_NGGU_fmg,None,/nearline/ahrens/limj2/nrs_store/state_modulation/neuromod/elavl3-GRABNE_elavl3-jrgeco/MG_vs_NGGU/20220213/fish03/6dpf_elavl3-GRABNE-elavl3-jrgeco1b_MG-vs-NGGU_fish03_exp04_20220213_233109/im_CM1_voluseg,
44,/nearline/ahrens/limj2/nrs_store/state_modulation/neuromod/elavl3-GRABNE_elavl3-jrgeco/NG_vs_NGGU/20220206/fish02/6dpf_elavl-GRABNE-elavl3-jrgeco_NG-vs-NGGU_fish02_exp04_20220206_231520/ephys,/nrs/ahrens/Ziqiang/Jing_Glia_project/Processed_data/20220206/fish02/6dpf_elavl-GRABNE-elavl3-jrgeco_NG-vs-NGGU_fish02_exp04_20220206_231520/,NG_vs_NGGU_fmg,None,/nearline/ahrens/limj2/nrs_store/state_modulation/neuromod/elavl3-GRABNE_elavl3-jrgeco/NG_vs_NGGU/20220206/fish02/6dpf_elavl-GRABNE-elavl3-jrgeco_NG-vs-NGGU_fish02_exp04_20220206_231520/im_CM1_voluseg,
45,/nearline/ahrens/limj2/nrs_store/state_modulation/neuromod/elavl3-GRABNE/MG_vs_NGGU/20210528/fish01/6dpf_elavl3-GRAB_NE_MG-vs-NGGU-fmg_fish01_exp03_20210528_210820/ephys,/nrs/ahrens/Ziqiang/Jing_Glia_project/Processed_data/20210528/fish01/6dpf_elavl3-GRAB_NE_MG-vs-NGGU-fmg_fish01_exp03_20210528_210820/im_CM1_voluseg/,MG_vs_NGGU_fmg,/nearline/ahrens/limj2/nrs_store/state_modulation/neuromod/elavl3-GRABNE/MG_vs_NGGU/20210528/fish01/6dpf_elavl3-GRAB_NE_ref-stack_fish01_exp04_20210529_012204/processed/im_CM1_fixed_reference_sliced.h5,/nearline/ahrens/limj2/nrs_store/state_modulation/neuromod/elavl3-GRABNE/MG_vs_NGGU/20210528/fish01/6dpf_elavl3-GRAB_NE_MG-vs-NGGU-fmg_fish01_exp03_20210528_210820/im_CM1_voluseg,Only hindbrain region
46,/nearline/ahrens/limj2/nrs_store/state_modulation/neuromod/elavl3-GRABNE/MG_vs_NGGU/20210528/fish01/6dpf_elavl3-GRAB_NE_MG-vs-NGGU-fmg_fish01_exp03_20210528_210820/ephys,/nrs/ahrens/Ziqiang/Jing_Glia_project/Processed_data/20210528/fish01/6dpf_elavl3-GRAB_NE_MG-vs-NGGU-fmg_fish01_exp03_20210528_210820/im_CM0_dff_cis/,MG_vs_NGGU_fmg,/nearline/ahrens/limj2/nrs_store/state_modulation/neuromod/elavl3-GRABNE/MG_vs_NGGU/20210528/fish01/6dpf_elavl3-GRAB_NE_ref-stack_fish01_exp04_20210529_012204/processed/im_CM0_fixed_reference_sliced.h5,/nearline/ahrens/limj2/nrs_store/state_modulation/neuromod/elavl3-GRABNE/MG_vs_NGGU/20210528/fish01/6dpf_elavl3-GRAB_NE_MG-vs-NGGU-fmg_fish01_exp03_20210528_210820/im_CM0_dff_cis.zarr,Only hindbrain region
47,/nearline/ahrens/limj2/nrs_store/state_modulation/neuromod/gfap-trpv1/20220616/fish01/6dpf_gfap-trpv1-elavl3-gc8f-gfap-jrgeco_pause-probe_fish01_exp07_20220616_213221/ephys,/nrs/ahrens/Ziqiang/Jing_Glia_project/Processed_data/20220616/fish01/6dpf_gfap-trpv1-elavl3-gc8f-gfap-jrgeco_pause-probe_fish01_exp07_20220616_213221/im_CM0_voluseg/,pause-probe,/nearline/ahrens/limj2/nrs_store/state_modulation/neuromod/gfap-trpv1/20220616/fish01/6dpf_gfap-trpv1-elavl3-gc8f-gfap-jrgeco_ref-stack_fish01_exp02_20220616_210441/processed/im_CM0_fixed_reference_sliced.h5,/nearline/ahrens/limj2/nrs_store/state_modulation/neuromod/gfap-trpv1/20220616/fish01/6dpf_gfap-trpv1-elavl3-gc8f-gfap-jrgeco_pause-probe_fish01_exp07_20220616_213221/im_CM0_voluseg,
48,/nearline/ahrens/limj2/nrs_store/state_modulation/neuromod/gfap-trpv1/20220616/fish01/6dpf_gfap-trpv1-elavl3-gc8f-gfap-jrgeco_pause-probe_fish01_exp07_20220616_213221/ephys,/nrs/ahrens/Ziqiang/Jing_Glia_project/Processed_data/20220616/fish01/6dpf_gfap-trpv1-elavl3-gc8f-gfap-jrgeco_pause-probe_fish01_exp07_20220616_213221/im_CM1_voluseg/,pause-probe,/nearline/ahrens/limj2/nrs_store/state_modulation/neuromod/gfap-trpv1/20220616/fish01/6dpf_gfap-trpv1-elavl3-gc8f-gfap-jrgeco_ref-stack_fish01_exp02_20220616_210441/processed/im_CM1_fixed_reference_sliced.h5,/nearline/ahrens/limj2/nrs_store/state_modulation/neuromod/gfap-trpv1/20220616/fish01/6dpf_gfap-trpv1-elavl3-gc8f-gfap-jrgeco_pause-probe_fish01_exp07_20220616_213221/im_CM1_voluseg,
49,/nearline/ahrens/limj2/nrs_store/state_modulation/neuromod/dbh-gal4_uas-cochr/elavl3-jrgeco/20220811/fish01/6dpf_dbh-cochr_elavl3-jrgeco1a_stim-probe_fish00_exp03_20220812_003100/ephys,/nrs/ahrens/Ziqiang/Jing_Glia_project/Processed_data/20220811/fish01/6dpf_dbh-cochr_elavl3-jrgeco1a_stim-probe_fish00_exp03_20220812_003100/,stim-probe,/nearline/ahrens/limj2/nrs_store/state_modulation/neuromod/dbh-gal4_uas-cochr/elavl3-jrgeco/20220811/fish01/6dpf_dbh-cochr_elavl3-jrgeco1a_ref-stack_fish00_exp02_20220812_002120/processed/im_CM0_fixed_reference_sliced.h5,/nearline/ahrens/limj2/nrs_store/state_modulation/neuromod/dbh-gal4_uas-cochr/elavl3-jrgeco/20220811/fish01/6dpf_dbh-cochr_elavl3-jrgeco1a_stim-probe_fish00_exp03_20220812_003100/im_CM0_voluseg,
50,/nearline/ahrens/limj2/nrs_store/state_modulation/neuromod/dbh-gal4_uas-cochr/elavl3-jrgeco/20220811/fish00/6dpf_dbh-cochr_elavl3-jrgeco1a_stmi-probe_fish00_exp03_20220811_180603/ephys,/nrs/ahrens/Ziqiang/Jing_Glia_project/Processed_data/20220811/fish00/6dpf_dbh-cochr_elavl3-jrgeco1a_stmi-probe_fish00_exp03_20220811_180603/,stim-probe,/nearline/ahrens/limj2/nrs_store/state_modulation/neuromod/dbh-gal4_uas-cochr/elavl3-jrgeco/20220811/fish00/6dpf_dbh-cochr_elavl3-jrgeco1a_ref-stack_fish00_exp02_20220811_175957/processed/im_CM0_fixed_reference_sliced.h5,/nearline/ahrens/limj2/nrs_store/state_modulation/neuromod/dbh-gal4_uas-cochr/elavl3-jrgeco/20220811/fish00/6dpf_dbh-cochr_elavl3-jrgeco1a_stmi-probe_fish00_exp03_20220811_180603/im_CM0_voluseg,
51,/nearline/ahrens/limj2/nrs_store/state_modulation/neuromod/gfap-gal4_uas-cochr/elavl3-jrgeco/20220806/fish00/9dpf_gfap-cochr-elavl3-jrgeco1b_stim-probe_fish00_exp03_20220806_210433/ephys,/nrs/ahrens/Ziqiang/Jing_Glia_project/Processed_data/20220806/fish00/9dpf_gfap-cochr-elavl3-jrgeco1b_stim-probe_fish00_exp03_20220806_210433/,stim-probe,None,/nearline/ahrens/limj2/nrs_store/state_modulation/neuromod/gfap-gal4_uas-cochr/elavl3-jrgeco/20220806/fish00/9dpf_gfap-cochr-elavl3-jrgeco1b_stim-probe_fish00_exp03_20220806_210433/im_CM0_voluseg,voluseg file directory not exists
52,/nearline/ahrens/limj2/nrs_store/state_modulation/neuromod/gfap-cochr/elavl3-jrgeco/20221113/fish00/7dpf_gfap-cochr-elavl3-jrgeco1b_stim-probe_fish00_exp03_20221113_145458/ephys,/nrs/ahrens/Ziqiang/Jing_Glia_project/Processed_data/20221113/fish00/7dpf_gfap-cochr-elavl3-jrgeco1b_stim-probe_fish00_exp03_20221113_145458/,stim-probe,/nearline/ahrens/limj2/nrs_store/state_modulation/neuromod/gfap-cochr/elavl3-jrgeco/20221113/fish00/7dpf_gfap-cochr-elavl3-jrgeco1b_ref-stack_fish00_exp01_20221113_143431/processed/im_CM0_fixed_reference_sliced.h5,/nearline/ahrens/limj2/nrs_store/state_modulation/neuromod/gfap-cochr/elavl3-jrgeco/20221113/fish00/7dpf_gfap-cochr-elavl3-jrgeco1b_stim-probe_fish00_exp03_20221113_145458/im_CM0_voluseg,
53,/nearline/ahrens/limj2/nrs_store/state_modulation/neuromod/gfap-cochr/elavl3-jrgeco/20221113/fish01/7dpf_gfap-cochr-elavl3-jrgeco1b_stim-probe_fish01_exp03_20221113_190503/ephys,/nrs/ahrens/Ziqiang/Jing_Glia_project/Processed_data/20221113/fish01/7dpf_gfap-cochr-elavl3-jrgeco1b_stim-probe_fish01_exp03_20221113_190503/,stim-probe,/nearline/ahrens/limj2/nrs_store/state_modulation/neuromod/gfap-cochr/elavl3-jrgeco/20221113/fish01/7dpf_gfap-cochr-elavl3-jrgeco1b_ref-stack_fish01_exp01_20221113_184424/processed/im_CM0_fixed_reference_sliced.h5,/nearline/ahrens/limj2/nrs_store/state_modulation/neuromod/gfap-cochr/elavl3-jrgeco/20221113/fish01/7dpf_gfap-cochr-elavl3-jrgeco1b_stim-probe_fish01_exp03_20221113_190503/im_CM0_voluseg,
54,/nearline/ahrens/limj2/nrs_store/state_modulation/neuromod/dbh-gal4_uas-cochr/elavl3-jrgeco/20220827/fish01/5dpf_gfap-cochr-elavl3-jrgeco1b_stim-probe_fish01_exp03_20220827_192418/ephys,/nrs/ahrens/Ziqiang/Jing_Glia_project/Processed_data/20220827/fish01/5dpf_gfap-cochr-elavl3-jrgeco1b_stim-probe_fish01_exp03_20220827_192418/,stim-probe,/nearline/ahrens/limj2/nrs_store/state_modulation/neuromod/dbh-gal4_uas-cochr/elavl3-jrgeco/20220827/fish01/5dpf_gfap-cochr-elavl3-jrgeco1b_ref-stack_fish01_exp01_20220827_190425/processed/im_CM0_fixed_reference_sliced.h5,/nearline/ahrens/limj2/nrs_store/state_modulation/neuromod/dbh-gal4_uas-cochr/elavl3-jrgeco/20220827/fish01/5dpf_gfap-cochr-elavl3-jrgeco1b_stim-probe_fish01_exp03_20220827_192418/im_CM0_voluseg,
55,/nearline/ahrens/limj2/nrs_store/state_modulation/neuromod/dbh-gal4_uas-cochr/elavl3-jrgeco/20220827/fish00/7dpf_dbh-cochr-elavl3-jrgeco1b_stim-probe_fish00_exp03_20220827_151534/ephys,/nrs/ahrens/Ziqiang/Jing_Glia_project/Processed_data/20220827/fish00/7dpf_dbh-cochr-elavl3-jrgeco1b_stim-probe_fish00_exp03_20220827_151534/,stim-probe,/nearline/ahrens/limj2/nrs_store/state_modulation/neuromod/dbh-gal4_uas-cochr/elavl3-jrgeco/20220827/fish00/7dpf_dbh-cochr-elavl3-jrgeco1b_ref-stack_fish00_exp01_20220827_145613/processed/im_CM0_fixed_reference_sliced.h5,/nearline/ahrens/limj2/nrs_store/state_modulation/neuromod/dbh-gal4_uas-cochr/elavl3-jrgeco/20220827/fish00/7dpf_dbh-cochr-elavl3-jrgeco1b_stim-probe_fish00_exp03_20220827_151534/im_CM0_voluseg,
56,/nearline/ahrens/limj2/nrs_store/state_modulation/neuromod/gfap-cochr/gfap-jrgeco/20220915/fish02b/6dpf_gfap-cochr-gfap-jrgeco1b_stim-probe_fish02_exp03_20220916_000222/ephys,/nrs/ahrens/Ziqiang/Jing_Glia_project/Processed_data/20220915/fish02b/6dpf_gfap-cochr-gfap-jrgeco1b_stim-probe_fish02_exp03_20220916_000222/,stim-probe,/nearline/ahrens/limj2/nrs_store/state_modulation/neuromod/gfap-cochr/gfap-jrgeco/20220915/fish02b/6dpf_gfap-cochr-gfap-jrgeco1b_ref-stack_fish02_exp01_20220915_234650/processed/im_CM0_fixed_reference_sliced.h5,/nearline/ahrens/limj2/nrs_store/state_modulation/neuromod/gfap-cochr/gfap-jrgeco/20220915/fish02b/6dpf_gfap-cochr-gfap-jrgeco1b_stim-probe_fish02_exp03_20220916_000222/im_CM0_voluseg,
57,/nearline/ahrens/limj2/nrs_store/state_modulation/neuromod/gfap-cochr/gfap-jrgeco/20220915/fish01b/6dpf_gfap-cochr-gfap-jrgeco1b_stim-probe_fish01_exp03_20220915_200137/ephys,/nrs/ahrens/Ziqiang/Jing_Glia_project/Processed_data/20220915/fish01b/6dpf_gfap-cochr-gfap-jrgeco1b_stim-probe_fish01_exp03_20220915_200137/,stim-probe,/nearline/ahrens/limj2/nrs_store/state_modulation/neuromod/gfap-cochr/gfap-jrgeco/20220915/fish01b/6dpf_gfap-cochr-gfap-jrgeco1b_ref-stack_fish01_exp01_20220915_194706/processed/im_CM0_fixed_reference_sliced.h5,/nearline/ahrens/limj2/nrs_store/state_modulation/neuromod/gfap-cochr/gfap-jrgeco/20220915/fish01b/6dpf_gfap-cochr-gfap-jrgeco1b_stim-probe_fish01_exp03_20220915_200137/im_CM0_voluseg,
58,/nearline/ahrens/limj2/nrs_store/state_modulation/neuromod/gfap-cochr/gfap-jrgeco/20220915/fish00b/6dpf_gfap-cochr-gfap-jrgeco1b_stim-probe_fish00_exp04_20220915_163326/ephys,/nrs/ahrens/Ziqiang/Jing_Glia_project/Processed_data/20220915/fish00b/6dpf_gfap-cochr-gfap-jrgeco1b_stim-probe_fish00_exp04_20220915_163326/,stim-probe,/nearline/ahrens/limj2/nrs_store/state_modulation/neuromod/gfap-cochr/gfap-jrgeco/20220915/fish00b/6dpf_gfap-cochr-gfap-jrgeco1b_ref-stack_fish00_exp01_20220915_154913/processed/im_CM0_fixed_reference_sliced.h5,/nearline/ahrens/limj2/nrs_store/state_modulation/neuromod/gfap-cochr/gfap-jrgeco/20220915/fish00b/6dpf_gfap-cochr-gfap-jrgeco1b_stim-probe_fish00_exp04_20220915_163326/im_CM0_voluseg,
59,/nearline/ahrens/limj2/nrs_store/state_modulation/neuromod/gfap-cochr/gfap-jrgeco/20220915/fish00a/6dpf_gfap-cochr-gfap-jrgeco1b_stim-probe_fish00_exp04_20220915_163326/ephys,/nrs/ahrens/Ziqiang/Jing_Glia_project/Processed_data/20220915/fish00a/6dpf_gfap-cochr-gfap-jrgeco1b_stim-probe_fish00_exp04_20220915_163326/,stim-probe,/nearline/ahrens/limj2/nrs_store/state_modulation/neuromod/gfap-cochr/gfap-jrgeco/20220915/fish00a/6dpf_gfap-cochr-gfap-jrgeco1b_ref-stack_fish00_exp01_20220915_154913/processed/im_CM0_voluseg_fixed_reference_sliced.h5,/nearline/ahrens/limj2/nrs_store/state_modulation/neuromod/gfap-cochr/gfap-jrgeco/20220915/fish00a/6dpf_gfap-cochr-gfap-jrgeco1b_stim-probe_fish00_exp04_20220915_163326/im_CM0_voluseg,
60,/nearline/ahrens/limj2/nrs_store/state_modulation/neuromod/gfap-cochr/elavl3-jrgeco/20221030/fish01/8dpf_gfap-cochr-elavl3-jrgeco1b_stim-probe_fish01_exp04_20221030_212116/ephys,/nrs/ahrens/Ziqiang/Jing_Glia_project/Processed_data/20221030/fish01/8dpf_gfap-cochr-elavl3-jrgeco1b_stim-probe_fish01_exp04_20221030_212116/,stim-probe,/nearline/ahrens/limj2/nrs_store/state_modulation/neuromod/gfap-cochr/elavl3-jrgeco/20221030/fish01/8dpf_gfap-cochr-elavl3-jrgeco1b_ref-stack_fish01_exp00_20221030_205914/processed/im_CM0_fixed_reference_sliced.h5,/nearline/ahrens/limj2/nrs_store/state_modulation/neuromod/gfap-cochr/elavl3-jrgeco/20221030/fish01/8dpf_gfap-cochr-elavl3-jrgeco1b_stim-probe_fish01_exp04_20221030_212116/im_CM0_voluseg,
61,/nearline/ahrens/limj2/nrs_store/state_modulation/neuromod/gfap-cochr/elavl3-jrgeco/20221030/fish00/8dpf_gfap-cochr-elavl3-jrgeco1b_stim-probe_fish00_exp03_20221030_165631/,/nrs/ahrens/Ziqiang/Jing_Glia_project/Processed_data/20221030/fish00/8dpf_gfap-cochr-elavl3-jrgeco1b_stim-probe_fish00_exp03_20221030_165631/,stim-probe,/nearline/ahrens/limj2/nrs_store/state_modulation/neuromod/gfap-cochr/elavl3-jrgeco/20221030/fish00/8dpf_gfap-cochr-elavl3-jrgeco1b_ref-stack_fish00_exp01_20221030_163825/processed/im_CM0_fixed_reference_sliced.h5,/nearline/ahrens/limj2/nrs_store/state_modulation/neuromod/gfap-cochr/elavl3-jrgeco/20221030/fish00/8dpf_gfap-cochr-elavl3-jrgeco1b_stim-probe_fish00_exp03_20221030_165631/im_CM0_voluseg,
62,/nearline/ahrens/limj2/nrs_store/state_modulation/neuromod/gfap-cochr/elavl3-jrgeco/20210812/fish00b/6dpf_gfap-gal4-uas-cochr_elavl3-rgeco_stim-probe_fish00_exp03_20210812_190929/ephys,/nrs/ahrens/Ziqiang/Jing_Glia_project/Processed_data/20210812/fish00b/6dpf_gfap-gal4-uas-cochr_elavl3-rgeco_stim-probe_fish00_exp03_20210812_190929/,stim-probe,/nearline/ahrens/limj2/nrs_store/state_modulation/neuromod/gfap-cochr/elavl3-jrgeco/20210812/fish00b/6dpf_gfap-gal4-uas-cochr_elavl3-rgeco_ref-stack_fish00_exp02_20210812_185848/processed/im_CM0_fixed_reference_sliced.h5,/nearline/ahrens/limj2/nrs_store/state_modulation/neuromod/gfap-cochr/elavl3-jrgeco/20210812/fish00b/6dpf_gfap-gal4-uas-cochr_elavl3-rgeco_stim-probe_fish00_exp03_20210812_190929/im_CM0_voluseg,
63,/nearline/ahrens/limj2/nrs_store/state_modulation/neuromod/gfap-cochr/elavl3-jrgeco/20210812/fish00a/6dpf_gfap-gal4-uas-cochr_elavl3-rgeco_stim-probe_fish00_exp03_20210812_190929/ephys,/nrs/ahrens/Ziqiang/Jing_Glia_project/Processed_data/20210812/fish00a/6dpf_gfap-gal4-uas-cochr_elavl3-rgeco_stim-probe_fish00_exp03_20210812_190929/,stim-probe,/nearline/ahrens/limj2/nrs_store/state_modulation/neuromod/gfap-cochr/elavl3-jrgeco/20210812/fish00a/6dpf_gfap-gal4-uas-cochr_elavl3-rgeco_ref-stack_fish00_exp02_20210812_185848/processed/im_CM0_fixed_reference_sliced.h5,/nearline/ahrens/limj2/nrs_store/state_modulation/neuromod/gfap-cochr/elavl3-jrgeco/20210812/fish00a/6dpf_gfap-gal4-uas-cochr_elavl3-rgeco_stim-probe_fish00_exp03_20210812_190929/im_CM0_voluseg,
64,/nearline/ahrens/limj2/nrs_store/state_modulation/neuromod/dbh-gal4_uas-cochr/elavl3-jrgeco/20210807/fish01/8dpf_gal4-dbh-uas-cochr_elavl3-jrgeco_stim-probe-1-11-21_fish01_exp02_20210807_232644/ephys,/nrs/ahrens/Ziqiang/Jing_Glia_project/Processed_data/20210807/fish01/8dpf_gal4-dbh-uas-cochr_elavl3-jrgeco_stim-probe-1-11-21_fish01_exp02_20210807_232644/,stim-probe,/nearline/ahrens/limj2/nrs_store/state_modulation/neuromod/dbh-gal4_uas-cochr/elavl3-jrgeco/20210807/fish01/8dpf_gal4-dbh-uas-cochr_elavl3-jrgeco_ref-stack_fish01_exp03_20210808_020327/processed/im_CM0_fixed_reference_sliced.h5,/nearline/ahrens/limj2/nrs_store/state_modulation/neuromod/dbh-gal4_uas-cochr/elavl3-jrgeco/20210807/fish01/8dpf_gal4-dbh-uas-cochr_elavl3-jrgeco_stim-probe-1-11-21_fish01_exp02_20210807_232644/im_CM0_voluseg,
65,/nearline/ahrens/limj2/nrs_store/state_modulation/neuromod/dbh-gal4_uas-cochr/elavl3-jrgeco/20210807/fish00/8dpf_gal4-dbh-uas-cochr_elavl3-jrgeco_stim-probe-1-11-21_fish00_exp03_20210807_181648/ephys,/nrs/ahrens/Ziqiang/Jing_Glia_project/Processed_data/20210807/fish00/8dpf_gal4-dbh-uas-cochr_elavl3-jrgeco_stim-probe-1-11-21_fish00_exp03_20210807_181648/,stim-probe,/nearline/ahrens/limj2/nrs_store/state_modulation/neuromod/dbh-gal4_uas-cochr/elavl3-jrgeco/20210807/fish00/8dpf_gal4-dbh-uas-cochr_elavl3-jrgeco_ref-stack_fish00_exp04_20210807_202628/processed/im_CM0_fixed_reference_sliced.h5,/nearline/ahrens/limj2/nrs_store/state_modulation/neuromod/dbh-gal4_uas-cochr/elavl3-jrgeco/20210807/fish00/8dpf_gal4-dbh-uas-cochr_elavl3-jrgeco_stim-probe-1-11-21_fish00_exp03_20210807_181648/im_CM0_voluseg,
66,/nearline/ahrens/limj2/nrs_store/state_modulation/neuromod/gfap-cochr/elavl3-jrgeco/20210813/fish00/7dpf_gfap-gal4-uas-cochr_elavl3-rgeco_stim-probe_fish00_exp02_20210813_181542/ephys,/nrs/ahrens/Ziqiang/Jing_Glia_project/Processed_data/20210813/fish00/7dpf_gfap-gal4-uas-cochr_elavl3-rgeco_stim-probe_fish00_exp02_20210813_181542/,stim-probe,/nearline/ahrens/limj2/nrs_store/state_modulation/neuromod/gfap-cochr/elavl3-jrgeco/20210813/fish00/7dpf_gfap-gal4-uas-cochr_elavl3-rgeco_ref-stack_fish00_exp03_20210813_211935/processed/im_CM0_fixed_reference_sliced.h5,/nearline/ahrens/limj2/nrs_store/state_modulation/neuromod/gfap-cochr/elavl3-jrgeco/20210813/fish00/7dpf_gfap-gal4-uas-cochr_elavl3-rgeco_stim-probe_fish00_exp02_20210813_181542/im_CM0_voluseg,
67,/nearline/ahrens/limj2/nrs_store/state_modulation/neuromod/gfap-cochr/elavl3-jrgeco/20220818/fish01/6dpf_gfap-cochr-elavl3-jrgeco1b_stim-probe_fish01_exp03_20220819_003518/ephys,/nrs/ahrens/Ziqiang/Jing_Glia_project/Processed_data/20220818/fish01/6dpf_gfap-cochr-elavl3-jrgeco1b_stim-probe_fish01_exp03_20220819_003518/,stim-probe,/nearline/ahrens/limj2/nrs_store/state_modulation/neuromod/gfap-cochr/elavl3-jrgeco/20220818/fish01/6dpf_gfap-cochr-elavl3-jrgeco1b_ref-stack_fish01_exp01_20220818_235132/processed/im_CM0_fixed_reference_sliced.h5,/nearline/ahrens/limj2/nrs_store/state_modulation/neuromod/gfap-cochr/elavl3-jrgeco/20220818/fish01/6dpf_gfap-cochr-elavl3-jrgeco1b_stim-probe_fish01_exp03_20220819_003518/im_CM0_voluseg,
68,/nearline/ahrens/limj2/nrs_store/state_modulation/neuromod/gfap-cochr/elavl3-jrgeco/20220818/fish00/6dpf_gfap-cochr-elavl3-jrgeco1b_stim-probe_fish00_exp03_20220818_182130/ephys,/nrs/ahrens/Ziqiang/Jing_Glia_project/Processed_data/20220818/fish00/6dpf_gfap-cochr-elavl3-jrgeco1b_stim-probe_fish00_exp03_20220818_182130/,stim-probe,/nearline/ahrens/limj2/nrs_store/state_modulation/neuromod/gfap-cochr/elavl3-jrgeco/20220818/fish00/6dpf_gfap-cochr-elavl3-jrgeco1b_ref-stack_fish00_exp01_20220818_173453/processed/im_CM0_fixed_reference_sliced.h5,/nearline/ahrens/limj2/nrs_store/state_modulation/neuromod/gfap-cochr/elavl3-jrgeco/20220818/fish00/6dpf_gfap-cochr-elavl3-jrgeco1b_stim-probe_fish00_exp03_20220818_182130/im_CM0_voluseg,
69,/nearline/ahrens/limj2/nrs_store/state_modulation/neuromod/gfap-cochr/elavl3-jrgeco/20220813/fish03/6dpf_gfap-cochr-elavl3-jrgeco1b_stim-probe_fish00_exp03_20220813_233203/ephys,/nrs/ahrens/Ziqiang/Jing_Glia_project/Processed_data/20220813/fish03/6dpf_gfap-cochr-elavl3-jrgeco1b_stim-probe_fish00_exp03_20220813_233203/,stim-probe,/nearline/ahrens/limj2/nrs_store/state_modulation/neuromod/gfap-cochr/elavl3-jrgeco/20220813/fish03/6dpf_gfap-cochr-elavl3-jrgeco1b_ref-stack_fish00_exp02_20220813_232426/processed/im_CM0_fixed_reference_sliced.h5,/nearline/ahrens/limj2/nrs_store/state_modulation/neuromod/gfap-cochr/elavl3-jrgeco/20220813/fish03/6dpf_gfap-cochr-elavl3-jrgeco1b_stim-probe_fish00_exp03_20220813_233203/im_CM0_voluseg,
70,/nearline/ahrens/limj2/nrs_store/state_modulation/neuromod/gfap-cochr/elavl3-jrgeco/20220813/fish01/6dpf_gfap-cochr-elavl3-jrgeco1b_stim-probe_fish00_exp05_20220813_171843/ephys,/nrs/ahrens/Ziqiang/Jing_Glia_project/Processed_data/20220813/fish01/6dpf_gfap-cochr-elavl3-jrgeco1b_stim-probe_fish00_exp05_20220813_171843/,stim-probe,/nearline/ahrens/limj2/nrs_store/state_modulation/neuromod/gfap-cochr/elavl3-jrgeco/20220813/fish01/6dpf_gfap-cochr-elavl3-jrgeco1b_ref-stack_fish00_exp03_20220813_162219/processed/im_CM0_fixed_reference_sliced.h5,/nearline/ahrens/limj2/nrs_store/state_modulation/neuromod/gfap-cochr/elavl3-jrgeco/20220813/fish01/6dpf_gfap-cochr-elavl3-jrgeco1b_stim-probe_fish00_exp05_20220813_171843/im_CM0_voluseg,
71,/nearline/ahrens/limj2/nrs_store/state_modulation/neuromod/dbh-gal4_uas-cochr/elavl3-jrgeco/20220825/fish01/5dpf_dbh-cochr-elavl3-jrgeco1b_stim-probe_fish01_exp03_20220825_232312/ephys,/nrs/ahrens/Ziqiang/Jing_Glia_project/Processed_data/20220825/fish01/5dpf_dbh-cochr-elavl3-jrgeco1b_stim-probe_fish01_exp03_20220825_232312/,stim-probe,/nearline/ahrens/limj2/nrs_store/state_modulation/neuromod/dbh-gal4_uas-cochr/elavl3-jrgeco/20220825/fish01/5dpf_dbh-cochr-elavl3-jrgeco1b_ref-stack_fish01_exp01_20220825_225435/processed/im_CM0_fixed_reference_sliced.h5,/nearline/ahrens/limj2/nrs_store/state_modulation/neuromod/dbh-gal4_uas-cochr/elavl3-jrgeco/20220825/fish01/5dpf_dbh-cochr-elavl3-jrgeco1b_stim-probe_fish01_exp03_20220825_232312/im_CM0_voluseg,
72,/nearline/ahrens/limj2/nrs_store/state_modulation/neuromod/dbh-gal4_uas-cochr/elavl3-jrgeco/20220825/fish00/5dpf_dbh-cochr-elavl3-jrgeco1b_stim-probe_fish00_exp02_20220825_185454/ephys,/nrs/ahrens/Ziqiang/Jing_Glia_project/Processed_data/20220825/fish00/5dpf_dbh-cochr-elavl3-jrgeco1b_stim-probe_fish00_exp02_20220825_185454/,stim-probe,/nearline/ahrens/limj2/nrs_store/state_modulation/neuromod/dbh-gal4_uas-cochr/elavl3-jrgeco/20220825/fish00/5dpf_dbh-cochr-elavl3-jrgeco1b_ref-stack_fish00_exp01_20220825_182940/processed/im_CM0_fixed_reference_sliced.h5,/nearline/ahrens/limj2/nrs_store/state_modulation/neuromod/dbh-gal4_uas-cochr/elavl3-jrgeco/20220825/fish00/5dpf_dbh-cochr-elavl3-jrgeco1b_stim-probe_fish00_exp02_20220825_185454/im_CM0_voluseg,
73,/nearline/ahrens/limj2/nrs_store/state_modulation/neuromod/gfap-cochr/gfap-jrgeco/20220915/fish02a/6dpf_gfap-cochr-gfap-jrgeco1b_stim-probe_fish02_exp03_20220916_000222/ephys,/nrs/ahrens/Ziqiang/Jing_Glia_project/Processed_data/20220915/fish02a/6dpf_gfap-cochr-gfap-jrgeco1b_stim-probe_fish02_exp03_20220916_000222/,stim-probe,/nearline/ahrens/limj2/nrs_store/state_modulation/neuromod/gfap-cochr/gfap-jrgeco/20220915/fish02a/6dpf_gfap-cochr-gfap-jrgeco1b_ref-stack_fish02_exp01_20220915_234650/processed/im_CM0_fixed_reference_sliced.h5,/nearline/ahrens/limj2/nrs_store/state_modulation/neuromod/gfap-cochr/gfap-jrgeco/20220915/fish02a/6dpf_gfap-cochr-gfap-jrgeco1b_stim-probe_fish02_exp03_20220916_000222/im_CM0_dff_cis.zarr,Downsample
74,/nearline/ahrens/limj2/nrs_store/state_modulation/neuromod/gfap-cochr/gfap-jrgeco/20220915/fish01a/6dpf_gfap-cochr-gfap-jrgeco1b_stim-probe_fish01_exp03_20220915_200137/ephys,/nrs/ahrens/Ziqiang/Jing_Glia_project/Processed_data/20220915/fish01a/6dpf_gfap-cochr-gfap-jrgeco1b_stim-probe_fish01_exp03_20220915_200137/,stim-probe,/nearline/ahrens/limj2/nrs_store/state_modulation/neuromod/gfap-cochr/gfap-jrgeco/20220915/fish01a/6dpf_gfap-cochr-gfap-jrgeco1b_ref-stack_fish01_exp01_20220915_194706/processed/im_CM0_fixed_reference_sliced.h5,/nearline/ahrens/limj2/nrs_store/state_modulation/neuromod/gfap-cochr/gfap-jrgeco/20220915/fish01a/6dpf_gfap-cochr-gfap-jrgeco1b_stim-probe_fish01_exp03_20220915_200137/im_CM0_dff_cis.zarr,Downsample
75,/nearline/ahrens/limj2/nrs_store/state_modulation/neuromod/dbh-gal4_uas-cochr/gfap-jrgeco/20220917/fish02/5dpf_dbh-cochr-gfap-jrgeco1b_stim-probe_fish02_exp03_20220917_222401/ephys,/nrs/ahrens/Ziqiang/Jing_Glia_project/Processed_data/20220917/fish02/5dpf_dbh-cochr-gfap-jrgeco1b_stim-probe_fish02_exp03_20220917_222401/,stim-probe,/nearline/ahrens/limj2/nrs_store/state_modulation/neuromod/dbh-gal4_uas-cochr/gfap-jrgeco/20220917/fish02/5dpf_dbh-cochr-gfap-jrgeco1b_ref-stack_fish02_exp01_20220917_221019/processed/im_CM0_fixed_reference_sliced.h5,/nearline/ahrens/limj2/nrs_store/state_modulation/neuromod/dbh-gal4_uas-cochr/gfap-jrgeco/20220917/fish02/5dpf_dbh-cochr-gfap-jrgeco1b_stim-probe_fish02_exp03_20220917_222401/im_CM0_dff_cis.zarr,Downsample
76,/nearline/ahrens/limj2/nrs_store/state_modulation/neuromod/dbh-gal4_uas-cochr/gfap-jrgeco/20220917/fish01/5dpf_dbh-cochr-gfap-jrgeco1b_stim-probe_fish01_exp03_20220917_192805/ephys,/nrs/ahrens/Ziqiang/Jing_Glia_project/Processed_data/20220917/fish01/5dpf_dbh-cochr-gfap-jrgeco1b_stim-probe_fish01_exp03_20220917_192805/,stim-probe,/nearline/ahrens/limj2/nrs_store/state_modulation/neuromod/dbh-gal4_uas-cochr/gfap-jrgeco/20220917/fish01/5dpf_dbh-cochr-gfap-jrgeco1b_ref-stack_fish01_exp02_20220917_191954/processed/im_CM0_fixed_reference_sliced.h5,/nearline/ahrens/limj2/nrs_store/state_modulation/neuromod/dbh-gal4_uas-cochr/gfap-jrgeco/20220917/fish01/5dpf_dbh-cochr-gfap-jrgeco1b_stim-probe_fish01_exp03_20220917_192805/im_CM0_dff_cis.zarr,Downsample
77,/nearline/ahrens/limj2/nrs_store/state_modulation/neuromod/dbh-gal4_uas-cochr/gfap-jrgeco/20220917/fish00/5dpf_dbh-cochr-gfap-jrgeco1b_stim-probe_fish00_exp02_20220917_163106/ephys,/nrs/ahrens/Ziqiang/Jing_Glia_project/Processed_data/20220917/fish00/5dpf_dbh-cochr-gfap-jrgeco1b_stim-probe_fish00_exp02_20220917_163106/,stim-probe,/nearline/ahrens/limj2/nrs_store/state_modulation/neuromod/dbh-gal4_uas-cochr/gfap-jrgeco/20220917/fish00/5dpf_dbh-cochr-gfap-jrgeco1b_ref-stack_fish00_exp01_20220917_162408/processed/im_CM0_fixed_reference_sliced.h5,/nearline/ahrens/limj2/nrs_store/state_modulation/neuromod/dbh-gal4_uas-cochr/gfap-jrgeco/20220917/fish00/5dpf_dbh-cochr-gfap-jrgeco1b_stim-probe_fish00_exp02_20220917_163106/im_CM0_dff_cis.zarr,Downsample
78,/nrs/ahrens/jing/statemod/statedep/her-jrgeco/MG_vs_NGGU/20210924/fish01/6dpf_Her-jrgeco_MG_vs_NGGU-fmg_fish01_exp04_20210924_231600/ephys,/nrs/ahrens/Ziqiang/Jing_Glia_project/Processed_data/20210924/fish01/6dpf_Her-jrgeco_MG_vs_NGGU-fmg_fish01_exp04_20210924_231600/im_CM1_voluseg/,MG_vs_NGGU_fmg,/nrs/ahrens/jing/statemod/statedep/her-jrgeco/MG_vs_NGGU/20210924/fish01/6dpf_Her-jrgeco_ref-stack_fish01_exp03_20210924_231022/processed/im_CM1_fixed_reference_sliced.h5,/nrs/ahrens/jing/statemod/statedep/her-jrgeco/MG_vs_NGGU/20210924/fish01/6dpf_Her-jrgeco_MG_vs_NGGU-fmg_fish01_exp04_20210924_231600/im_CM1_voluseg,"Ephys unavailable, half brain"
79,/nrs/ahrens/jing/statemod/statedep/elavl3-GC_gfap-jRG/MG_vs_replayGU/20201113/fish00/8dpf_HuC-GC7FF-GFAP-RGECO_MG-vs-ReplayGU_fish00_exp04_20201113_150248/ephys,/nrs/ahrens/Ziqiang/Jing_Glia_project/Processed_data/20201113/fish00/8dpf_HuC-GC7FF-GFAP-RGECO_MG-vs-ReplayGU_fish00_exp04_20201113_150248/im_CM0_voluseg/,MG_vs_replayGU_fmg,/nrs/ahrens/jing/statemod/statedep/elavl3-GC/MG_vs_ReplayGU/20201113/fish00/8dpf_HuC-GC7FF-GFAP-RGECO_ref-stack_fish00_exp12_20201113_195257/processed/im_CM0_fixed_reference_sliced.h5,/nrs/ahrens/jing/statemod/statedep/elavl3-GC/MG_vs_ReplayGU/20201113/fish00/8dpf_HuC-GC7FF-GFAP-RGECO_MG-vs-ReplayGU_fish00_exp04_20201113_150248/im_CM0_voluseg,Ephys unavailable
80,/nrs/ahrens/jing/statemod/statedep/elavl3-GC_gfap-jRG/MG_vs_NGGU/20210731/fish00/7dpf_HuC-GCaMP8F-gfap-jrgeco_MG-vs-NGGU_fish00_exp03_20210731_182758/ephys,/nrs/ahrens/Ziqiang/Jing_Glia_project/Processed_data/20210731/fish00/7dpf_HuC-GCaMP8F-gfap-jrgeco_MG-vs-NGGU_fish00_exp03_20210731_182758/im_CM0_voluseg/,MG_vs_NGGU,/nrs/ahrens/jing/statemod/statedep/elavl3-GC_gfap-jRG/MG_vs_NGGU/20210731/fish00/7dpf_HuC-GCaMP8F-gfap-jrgeco_ref-stack_fish00_exp04_20210731_225854/processed/im_CM0_fixed_reference_sliced.h5,/nrs/ahrens/jing/statemod/statedep/elavl3-GC_gfap-jRG/MG_vs_NGGU/20210731/fish00/7dpf_HuC-GCaMP8F-gfap-jrgeco_MG-vs-NGGU_fish00_exp03_20210731_182758/im_CM0_voluseg,Ephys unavailable
81,/nrs/ahrens/jing/statemod/statedep/elavl3-GC_gfap-jRG/MG_vs_replayGU/20201027/fish01/7dpf_HuC-GCaMP7FF-gfap-rgeco_MGvsReplayGU_fish01_exp05_20201028_002419/ephys,/nrs/ahrens/Ziqiang/Jing_Glia_project/Processed_data/20201027/fish01/7dpf_HuC-GCaMP7FF-gfap-rgeco_MGvsReplayGU_fish01_exp05_20201028_002419/im_CM0_voluseg/,MG_vs_replayGU_fmg,/nrs/ahrens/jing/statemod/statedep/elavl3-GC_gfap-jRG/MG_vs_replayGU/20201027/fish01/7dpf_HuC-GCaMP7FF-gfap-rgeco_ref-stack_fish01_exp08_20201028_045004/processed/im_CM0_fixed_reference_sliced.h5,/nrs/ahrens/jing/statemod/statedep/elavl3-GC_gfap-jRG/MG_vs_replayGU/20201027/fish01/7dpf_HuC-GCaMP7FF-gfap-rgeco_MGvsReplayGU_fish01_exp05_20201028_002419/im_CM0_voluseg,
82,/nrs/ahrens/jing/statemod/statedep/elavl3-GC_gfap-jRG/MG_vs_NGGU_multivel/20201002/fish00/7dpf_HuC-GCaMP7FF-GFAP-RGECO_MGvsNGGU-multivel_fish00_exp04_20201002_204715/ephys,/nrs/ahrens/Ziqiang/Jing_Glia_project/Processed_data/20201002/fish00/7dpf_HuC-GCaMP7FF-GFAP-RGECO_MGvsNGGU-multivel_fish00_exp04_20201002_204715/im_CM0_voluseg/,MG_vs_NGGU_fmg_multivel,/nrs/ahrens/jing/statemod/statedep/elavl3-GC_gfap-jRG/MG_vs_NGGU_multivel/20201002/fish00/7dpf_HuC-GCaMP7FF-GFAP-RGECO_ref-stack_fish00_exp08_20201003_023251/processed/im_CM0_fixed_reference_sliced.h5,/nrs/ahrens/jing/statemod/statedep/elavl3-GC_gfap-jRG/MG_vs_NGGU_multivel/20201002/fish00/7dpf_HuC-GCaMP7FF-GFAP-RGECO_MGvsNGGU-multivel_fish00_exp04_20201002_204715/im_CM0_voluseg,Ephys unavailable
83,/nrs/ahrens/jing/statemod/statedep/elavl3-GC_gfap-jRG/MG_vs_NGGU/20210731/fish00/7dpf_HuC-GCaMP8F-gfap-jrgeco_MG-vs-NGGU_fish00_exp03_20210731_182758/ephys,/nrs/ahrens/Ziqiang/Jing_Glia_project/Processed_data/20210731/fish00/7dpf_HuC-GCaMP8F-gfap-jrgeco_MG-vs-NGGU_fish00_exp03_20210731_182758/im_CM1_voluseg/,MG_vs_NGGU,/nrs/ahrens/jing/statemod/statedep/elavl3-GC_gfap-jRG/MG_vs_NGGU/20210731/fish00/7dpf_HuC-GCaMP8F-gfap-jrgeco_ref-stack_fish00_exp04_20210731_225854/processed/im_CM1_fixed_reference_sliced.h5,/nrs/ahrens/jing/statemod/statedep/elavl3-GC_gfap-jRG/MG_vs_NGGU/20210731/fish00/7dpf_HuC-GCaMP8F-gfap-jrgeco_MG-vs-NGGU_fish00_exp03_20210731_182758/im_CM1_voluseg,Ephys unavailable
84,/nrs/ahrens/jing/statemod/statedep/elavl3-GC_gfap-jRG/MG_vs_replayGU/20201027/fish01/7dpf_HuC-GCaMP7FF-gfap-rgeco_MGvsReplayGU_fish01_exp05_20201028_002419/ephys,/nrs/ahrens/Ziqiang/Jing_Glia_project/Processed_data/20201027/fish01/7dpf_HuC-GCaMP7FF-gfap-rgeco_MGvsReplayGU_fish01_exp05_20201028_002419/im_CM1_voluseg/,MG_vs_replayGU_fmg,/nrs/ahrens/jing/statemod/statedep/elavl3-GC_gfap-jRG/MG_vs_replayGU/20201027/fish01/7dpf_HuC-GCaMP7FF-gfap-rgeco_ref-stack_fish01_exp08_20201028_045004/processed/im_CM1_fixed_reference_sliced.h5,/nrs/ahrens/jing/statemod/statedep/elavl3-GC_gfap-jRG/MG_vs_replayGU/20201027/fish01/7dpf_HuC-GCaMP7FF-gfap-rgeco_MGvsReplayGU_fish01_exp05_20201028_002419/im_CM1_voluseg,
85,/nrs/ahrens/jing/statemod/statedep/elavl3-GC_gfap-jRG/MG_vs_NGGU_multivel/20201002/fish00/7dpf_HuC-GCaMP7FF-GFAP-RGECO_MGvsNGGU-multivel_fish00_exp04_20201002_204715/ephys,/nrs/ahrens/Ziqiang/Jing_Glia_project/Processed_data/20201002/fish00/7dpf_HuC-GCaMP7FF-GFAP-RGECO_MGvsNGGU-multivel_fish00_exp04_20201002_204715/im_CM1_voluseg/,MG_vs_NGGU_fmg_multivel,/nrs/ahrens/jing/statemod/statedep/elavl3-GC_gfap-jRG/MG_vs_NGGU_multivel/20201002/fish00/7dpf_HuC-GCaMP7FF-GFAP-RGECO_ref-stack_fish00_exp08_20201003_023251/processed/im_CM1_fixed_reference_sliced.h5,/nrs/ahrens/jing/statemod/statedep/elavl3-GC_gfap-jRG/MG_vs_NGGU_multivel/20201002/fish00/7dpf_HuC-GCaMP7FF-GFAP-RGECO_MGvsNGGU-multivel_fish00_exp04_20201002_204715/im_CM1_voluseg,Ephys unavailable